{
  "id": "pf1e-rarity-colors",
  "title": "PF1e - Rarity Colors",
  "version": "1.1.1",
  "compatibility": {
    "minimum": "11",
    "verified": "11"
  },
  "description": "Are you an MMORPG kind of fella just like me? Well, that mod will warm your soul fo sure! With flags, you can give an item a color. Easy-peasy to set up and add your colors and flags (if you know JS a little)",
  "authors": [
    {
      "name": "Aztec",
      "discord": "two.bears.high.fiving",
      "email": "tebesski@gmail.com",
      "flags": {}
    }
  ],
    "esmodules": [
    "rarity-colors.js"
  ],
  "scripts": [
    "rarity-colors.js"
  ],
  "url": "https://github.com/Tebesski/Aztec-s-PF1e-Rarity-Colors",
  "manifest": "https://raw.githubusercontent.com/Tebesski/Aztec-s-PF1e-Rarity-Colors/main/module.json",
  "download": "https://github.com/Tebesski/Aztec-s-PF1e-Rarity-Colors/raw/main/Stable%20releases/Aztec-s-PF1e-Rarity-Colors-1-1-1.zip"
}